model,perplexity,loss,num_tokens
teacher,29.589568243265393,3.387421875,102400
student,31.29679277363596,3.443515625,102400
